Iteration,Samples Used,F1 Macro,Accuracy
Seed,21,0.7747791797393165,0.78
Seed+1-1,31,0.5226585353760721,0.63
Seed+1-2,41,0.6516976520904251,0.65
Seed+1-3,51,0.5406046206580787,0.6
Seed+1-4,61,0.5099518756506053,0.61
Seed+1-5,71,0.5076253533700342,0.53
Seed+1-6,81,0.4906824975790493,0.56
Seed+1-7,91,0.6408187218549392,0.65
Seed+1-8,101,0.3556950870235735,0.41
Seed+1-9,111,0.5014705882352941,0.62
Seed+1-10,121,0.4931372549019608,0.61
