Iteration,Samples Used,F1 Macro,Accuracy
Seed,21,0.8908874120141727,0.89
Seed+1-1,31,0.8606175471847113,0.86
Seed+1-2,41,0.6239555495416259,0.65
Seed+1-3,51,0.6598570576116687,0.68
Seed+1-4,61,0.8217235468287362,0.82
Seed+1-5,71,0.6428571428571428,0.66
Seed+1-6,81,0.3581603581603581,0.45
Seed+1-7,91,0.26533090467516696,0.39
Seed+1-8,101,0.35480859010270777,0.45
Seed+1-9,111,0.3344827586206896,0.43
